libelle,pour,valider,demarcheur
1 lots de raquettes de plage,tombola,oui,Nicolas
1 lots de raquettes de plage,tombola,oui,Nicolas
1 jeux de societe,tombola,oui,Nicolas
1 jeux de societe,tombola,oui,Nicolas
1 livre coloriage,tombola,oui,Nicolas
1 livre coloriage,tombola,oui,Nicolas
1 BD,tombola,oui,Nicolas
1 Lave auto (lav green?),tombola,oui,Nicolas
2 places Biotropica,tombola,??,Nicolas
Lots de chez inter jardin des plantes,carte de jeux,??,Nicolas
nb? Places ou reduction? Bocasse,tombola,??,Nicolas
carnet et stylo du taff,???,??,Nicolas
nb? Places Expo Atrium (mer),tombola,oui,Elian
1 Bon pour chouqettes au petit pétrin,tombola,oui,Melaine
1 Bon pour chouqettes au petit pétrin,tombola,oui,Melaine
1 Bon pour chouqettes au petit pétrin,tombola,oui,Melaine
2 entrées Arkose,tombola,oui,Melaine
2 entrées Arkose,tombola,oui,Melaine
2 entrées Arkose,tombola,oui,Melaine
lots de la pharmacie jardin des plantes,???,oui,Melaine
Kintsu 100livres,carte de jeux,oui,Melaine
Kintsu des peluches,carte de jeux,oui,Melaine
"Kintsu jouet mac-do/Kinder (80 lots personnage , jeux de cartes, coloriage, divers)",carte de jeux,oui,Melaine
nb? place pour Woopi,tombola,??,Melaine
nb? parc de cleres,tombola,??,Melaine
1 bon maneki neko pour enfant,tombola,??,Melaine
nb? places chez babyloo à Bihorel,tombola,??,Melaine
nb? places Armitiere,tombola,??,Melaine
2 billets pour le Trianon aussi saison 24/25,tombola,oui,Melaine
Peinture magic,tombola,oui,Melaine
Peinture magic,tombola,oui,Melaine
Peinture magic,tombola,oui,Melaine
wackel turn,tombola,oui,Melaine
wackel turn,tombola,oui,Melaine
wackel turn,tombola,oui,Melaine
thera-pearl-kids,tombola,oui,Melaine
thera-pearl-kids,tombola,oui,Melaine
thera-pearl-kids,tombola,oui,Melaine
Un vase,tombola,oui,Ines
Autocollants refléchissant vélo,tombola,oui,Ines
Sweat Homme,tombola,oui,Ines
Un bracelet,tombola,oui,Ines
40 livres pour enfants,carte de jeux,oui,Ines
Boite de cartes diamant,tombola,oui,Ines
Kit broderie,tombola,oui,Ines
Coffret assiettes a dessert,tombola,oui,Ines
nb? Park we fly,tombola,??,Elise
bon boulangerie Lola,tombola,oui,Ines
une paire de jumelles ,tombola,oui,Ines
1 place happy city,tombola,oui,Melaine
1 place happy city,tombola,oui,Melaine
1 place happy city,tombola,oui,Melaine
1 place happy city,tombola,oui,Melaine
1 place happy city,tombola,oui,Melaine
1 sac en tissu De la MMJ mutuelle,tombola,oui,Pauline
1 sac en tissu De la MMJ mutuelle,tombola,oui,Pauline
1 sac en tissu De la MMJ mutuelle,tombola,oui,Pauline
1 sac en tissu De la MMJ mutuelle,tombola,oui,Pauline
1 sac en tissu De la MMJ mutuelle,tombola,oui,Pauline
1 sac en tissu De la MMJ mutuelle,tombola,oui,Pauline
1 sac en tissu De la MMJ mutuelle,tombola,oui,Pauline
1 sac à dos De la MMJ mutuelle,tombola,oui,Pauline
1 sac à dos De la MMJ mutuelle,tombola,oui,Pauline
1 t shirt De la MMJ mutuelle,tombola,oui,Pauline
1 t shirt De la MMJ mutuelle,tombola,oui,Pauline
1 t shirt De la MMJ mutuelle,tombola,oui,Pauline
1 t shirt De la MMJ mutuelle,tombola,oui,Pauline
1 t shirt De la MMJ mutuelle,tombola,oui,Pauline
1 t shirt De la MMJ mutuelle,tombola,oui,Pauline
un repas valeur 21€ chez les 3 brasseurs gd Quevilly,tombola,oui,Pauline
1 goodies De la MMJ mutuelle,carte de jeux,oui,Pauline
2 entrées pour l'Historial Jeanne d'arc,tombola,oui,Pauline
